{
  "signal_date": "2026-04-30",
  "decisions": [
    {
      "ticker": "AAPL",
      "current_weight": 0.02,
      "target_weight": 0.025,
      "weight_delta": 0.005000000000000001,
      "current_shares": 5.0,
      "rank": 3.0,
      "decision": "ADD",
      "composite_score": 0.1616023986339063,
      "momentum_score": -0.38689687122067207,
      "value_score": -0.7051883867201454,
      "quality_score": 1.2911565582242859,
      "low_vol_score": 0.6558970856203639,
      "factor_contributions": "{\"low_vol_score\": 0.13117941712407277, \"momentum_score\": -0.11606906136620161, \"quality_score\": 0.32278913955607147, \"value_score\": -0.17629709668003635}",
      "top_positive_factors": "[\"quality_score\", \"low_vol_score\"]",
      "top_negative_factors": "[\"value_score\", \"momentum_score\"]",
      "missing_count": 1,
      "explanation": "Composite score 0.1616. Positive drivers: quality_score, low_vol_score. Negative drivers: value_score, momentum_score. Missing factor fields: 1."
    },
    {
      "ticker": "JPM",
      "current_weight": 0.01,
      "target_weight": 0.025,
      "weight_delta": 0.015000000000000001,
      "current_shares": 10.0,
      "rank": 6.0,
      "decision": "ADD",
      "composite_score": -0.021626323806322373,
      "momentum_score": -0.3260353748312237,
      "value_score": 0.5270761337314505,
      "quality_score": -0.6939253472717161,
      "low_vol_score": 0.5894829601405556,
      "factor_contributions": "{\"low_vol_score\": 0.11789659202811112, \"momentum_score\": -0.0978106124493671, \"quality_score\": -0.17348133681792902, \"value_score\": 0.13176903343286261}",
      "top_positive_factors": "[\"value_score\", \"low_vol_score\"]",
      "top_negative_factors": "[\"quality_score\", \"momentum_score\"]",
      "missing_count": 3,
      "explanation": "Composite score -0.0216. Positive drivers: value_score, low_vol_score. Negative drivers: quality_score, momentum_score. Missing factor fields: 3."
    },
    {
      "ticker": "CVX",
      "current_weight": 0.0,
      "target_weight": 0.025,
      "weight_delta": 0.025,
      "current_shares": 0.0,
      "rank": 1.0,
      "decision": "BUY",
      "composite_score": 0.7186692081031599,
      "momentum_score": 0.9607234268713254,
      "value_score": 1.1890390462741736,
      "quality_score": 0.11619745901501975,
      "low_vol_score": 0.52071526859732,
      "factor_contributions": "{\"low_vol_score\": 0.104143053719464, \"momentum_score\": 0.2882170280613976, \"quality_score\": 0.029049364753754938, \"value_score\": 0.2972597615685434}",
      "top_positive_factors": "[\"value_score\", \"momentum_score\"]",
      "top_negative_factors": "[]",
      "missing_count": 2,
      "explanation": "Composite score 0.7187. Positive drivers: value_score, momentum_score. Negative drivers: none. Missing factor fields: 2."
    },
    {
      "ticker": "COST",
      "current_weight": 0.0,
      "target_weight": 0.025,
      "weight_delta": 0.025,
      "current_shares": 0.0,
      "rank": 2.0,
      "decision": "BUY",
      "composite_score": 0.2081568599530602,
      "momentum_score": -0.526135521511334,
      "value_score": 0.16633668378265837,
      "quality_score": 0.29834687668411825,
      "low_vol_score": 1.2491331314488312,
      "factor_contributions": "{\"low_vol_score\": 0.24982662628976626, \"momentum_score\": -0.1578406564534002, \"quality_score\": 0.07458671917102956, \"value_score\": 0.04158417094566459}",
      "top_positive_factors": "[\"low_vol_score\", \"quality_score\"]",
      "top_negative_factors": "[\"momentum_score\"]",
      "missing_count": 1,
      "explanation": "Composite score 0.2082. Positive drivers: low_vol_score, quality_score. Negative drivers: momentum_score. Missing factor fields: 1."
    },
    {
      "ticker": "BAC",
      "current_weight": 0.0,
      "target_weight": 0.025,
      "weight_delta": 0.025,
      "current_shares": 0.0,
      "rank": 4.0,
      "decision": "BUY",
      "composite_score": 0.10773822596745891,
      "momentum_score": -0.33384343497068014,
      "value_score": 1.0053285730648556,
      "quality_score": -0.6900477719352841,
      "low_vol_score": 0.6453552808813503,
      "factor_contributions": "{\"low_vol_score\": 0.12907105617627007, \"momentum_score\": -0.10015303049120404, \"quality_score\": -0.17251194298382103, \"value_score\": 0.2513321432662139}",
      "top_positive_factors": "[\"value_score\", \"low_vol_score\"]",
      "top_negative_factors": "[\"quality_score\", \"momentum_score\"]",
      "missing_count": 3,
      "explanation": "Composite score 0.1077. Positive drivers: value_score, low_vol_score. Negative drivers: quality_score, momentum_score. Missing factor fields: 3."
    },
    {
      "ticker": "CAT",
      "current_weight": 0.0,
      "target_weight": 0.025,
      "weight_delta": 0.025,
      "current_shares": 0.0,
      "rank": 5.0,
      "decision": "BUY",
      "composite_score": 0.055092432668103375,
      "momentum_score": 2.2656629222393487,
      "value_score": -0.7630734029480211,
      "quality_score": -0.21858465196489613,
      "low_vol_score": -1.8959596513773596,
      "factor_contributions": "{\"low_vol_score\": -0.37919193027547193, \"momentum_score\": 0.6796988766718046, \"quality_score\": -0.05464616299122403, \"value_score\": -0.19076835073700527}",
      "top_positive_factors": "[\"momentum_score\"]",
      "top_negative_factors": "[\"low_vol_score\", \"value_score\"]",
      "missing_count": 1,
      "explanation": "Composite score 0.0551. Positive drivers: momentum_score. Negative drivers: low_vol_score, value_score. Missing factor fields: 1."
    },
    {
      "ticker": "HD",
      "current_weight": 0.0,
      "target_weight": 0.025,
      "weight_delta": 0.025,
      "current_shares": 0.0,
      "rank": 7.0,
      "decision": "BUY",
      "composite_score": -0.24230044279389001,
      "momentum_score": -1.0048111608267805,
      "value_score": 0.06274902693013132,
      "quality_score": -0.025192697483400583,
      "low_vol_score": 0.24876911546230723,
      "factor_contributions": "{\"low_vol_score\": 0.04975382309246145, \"momentum_score\": -0.30144334824803415, \"quality_score\": -0.006298174370850146, \"value_score\": 0.01568725673253283}",
      "top_positive_factors": "[\"low_vol_score\", \"value_score\"]",
      "top_negative_factors": "[\"momentum_score\", \"quality_score\"]",
      "missing_count": 1,
      "explanation": "Composite score -0.2423. Positive drivers: low_vol_score, value_score. Negative drivers: momentum_score, quality_score. Missing factor fields: 1."
    },
    {
      "ticker": "GE",
      "current_weight": 0.0,
      "target_weight": 0.025,
      "weight_delta": 0.025,
      "current_shares": 0.0,
      "rank": 8.0,
      "decision": "BUY",
      "composite_score": -0.41995726049159704,
      "momentum_score": -0.025993617732877533,
      "value_score": -0.41455762397238194,
      "quality_score": -0.19419000592968855,
      "low_vol_score": -1.2998613384810809,
      "factor_contributions": "{\"low_vol_score\": -0.2599722676962162, \"momentum_score\": -0.00779808531986326, \"quality_score\": -0.04854750148242214, \"value_score\": -0.10363940599309548}",
      "top_positive_factors": "[]",
      "top_negative_factors": "[\"low_vol_score\", \"value_score\"]",
      "missing_count": 1,
      "explanation": "Composite score -0.4200. Positive drivers: none. Negative drivers: low_vol_score, value_score. Missing factor fields: 1."
    },
    {
      "ticker": "AMZN",
      "current_weight": 0.0,
      "target_weight": 0.025,
      "weight_delta": 0.025,
      "current_shares": 0.0,
      "rank": 9.0,
      "decision": "BUY",
      "composite_score": -0.5508357828211091,
      "momentum_score": -0.6226703680171064,
      "value_score": -0.6846088734436436,
      "quality_score": -0.20070433438643376,
      "low_vol_score": -0.7135318522922893,